epoch,steps,cosine-Accuracy@1,cosine-Accuracy@3,cosine-Accuracy@5,cosine-Accuracy@10,cosine-Precision@1,cosine-Recall@1,cosine-Precision@3,cosine-Recall@3,cosine-Precision@5,cosine-Recall@5,cosine-Precision@10,cosine-Recall@10,cosine-MRR@10,cosine-NDCG@10,cosine-MAP@100
1.0,38,0.288,0.536,0.584,0.64,0.288,0.286,0.17999999999999997,0.536,0.1176,0.584,0.0644,0.64,0.4214523809523809,0.47523375341695107,0.4252388996492199
2.0,76,0.28,0.528,0.58,0.636,0.28,0.278,0.17733333333333332,0.528,0.11680000000000001,0.58,0.064,0.636,0.41512063492063495,0.4695593148060781,0.4201348506318344
3.0,114,0.28,0.532,0.584,0.64,0.28,0.278,0.17866666666666667,0.532,0.1176,0.584,0.0644,0.64,0.41821428571428565,0.473076396425752,0.42305473587046505
